{
  "root_classes": {
    "A": 104,
    "M": 13,
    "B": 61,
    "tokens_A": 19269,
    "tokens_M": 1601,
    "tokens_B": 9153
  },
  "ydominance_zones": {
    "A_0_30": 103,
    "M_30_80": 14,
    "B_80_100": 61,
    "bimodal": true
  },
  "bigram_ratios": {
    "AA": 1.0398231837502778,
    "AB": 0.8712400909408781,
    "BA": 0.8764812391047981,
    "BB": 1.3734919968730979
  },
  "q_prefix": {
    "n_q": 306,
    "n_qo": 4791,
    "q_l_rate": 0.49019607843137253
  },
  "y_position": {
    "first_pct": 28.67864453036161,
    "last_pct": 26.404366613600182
  },
  "b_runs_ge2": 1950
}