{
  "tokens": {
    "A": 8731,
    "B": 18404,
    "?": 3051
  },
  "root_jsd": 0.5037895709020369,
  "prefix_jsd": 0.22627112421185633,
  "suffix_jsd": 0.18679665925182876,
  "type_counts_A": {
    "A": 6623,
    "B": 1457,
    "?": 51,
    "M": 600
  },
  "type_counts_B": {
    "M": 856,
    "B": 6936,
    "A": 10517,
    "?": 95
  },
  "b_runs_per_1000": {
    "A": 24.624899782384606,
    "B": 86.3942621169311
  },
  "herbal_within_jsd": {
    "root": 0.5175948243844214,
    "suffix": 0.2050816689788443,
    "prefix": 0.16182907209463734
  }
}