{
  "vms": {
    "n_words": 30242,
    "n_units": 70016,
    "n_classes": 25,
    "sub_alpha_1pct": {
      "I": 9,
      "M": 10,
      "F": 9
    },
    "sub_alpha_01pct": {
      "I": 19,
      "M": 20,
      "F": 16
    },
    "j_if": 0.875,
    "j_im": 0.875,
    "j_mf": 0.9130434782608695,
    "mi_class_pos": 0.579412646644331,
    "nmi_class_pos": 0.4029574353226831,
    "class_types": {
      "4": "universal",
      "0": "F-dominant",
      "10": "universal",
      "2": "F-dominant",
      "18": "universal",
      "5": "F-dominant",
      "1": "M-dominant",
      "17": "universal",
      "6": "F-dominant",
      "8": "universal",
      "13": "universal",
      "11": "F-dominant",
      "3": "M-dominant",
      "22": "I-locked",
      "21": "universal",
      "7": "I-locked",
      "9": "universal",
      "23": "I-locked",
      "20": "I-dominant",
      "16": "universal",
      "14": "universal",
      "19": "universal",
      "24": "universal",
      "12": "universal",
      "15": "rare"
    },
    "class_pci": {
      "4": 0.7378681045209456,
      "0": 0.8152492668621701,
      "10": 0.4502452697967765,
      "2": 0.8567131670383239,
      "18": 0.6486131770058623,
      "5": 0.8708467309753484,
      "1": 0.7516292541636496,
      "17": 0.5555555555555556,
      "6": 0.881544502617801,
      "8": 0.7455164992826399,
      "13": 0.7477611940298508,
      "11": 0.8823529411764706,
      "3": 0.7392996108949417,
      "22": 0.965991451403085,
      "21": 0.4864864864864865,
      "7": 0.9053311793214863,
      "9": 0.6373937677053825,
      "23": 0.9596774193548387,
      "20": 0.85,
      "16": 0.7560975609756098,
      "14": 0.4,
      "19": 0.5185185185185185,
      "24": 0.4406779661016949,
      "12": 0.5480769230769231,
      "15": 1.0
    }
  },
  "grammar_control": {
    "n_forced": 20,
    "n_leaning": 5,
    "n_free": 11,
    "excess_classes": [
      0,
      1,
      2,
      11,
      20,
      22,
      23
    ]
  },
  "transitions": {
    "I→(M/F)": {
      "n_pairs": 30242,
      "mi": 0.24070347216927956,
      "nmi": 0.0900465796483198,
      "h_left": 2.8627955658998916,
      "h_right": 2.673099557022107
    },
    "M→M": {
      "n_pairs": 2080,
      "mi": 0.3691052337294023,
      "nmi": 0.11897178582822152,
      "h_left": 3.1024602275226685,
      "h_right": 3.2276591876904934
    },
    "(I/M)→F": {
      "n_pairs": 30242,
      "mi": 0.20081930735756615,
      "nmi": 0.08755541913251072,
      "h_left": 3.1006805658559276,
      "h_right": 2.293625104502512
    },
    "F→I (cross-word)": {
      "n_pairs": 34581,
      "mi": 0.14571143682111742,
      "nmi": 0.05722597318102491,
      "h_left": 2.5462465506734744,
      "h_right": 3.225642338723728
    }
  },
  "fi_crossword": {
    "mi": 0.14571143682111742,
    "nmi": 0.05722597318102491,
    "null_mean": 0.07007905496418887,
    "null_std": 0.0015655469566979202,
    "z_score": 48.31051635554498
  },
  "null_model_j_if": {
    "observed": 0.875,
    "null_mean": 0.9991666666666668,
    "null_std": 0.0058333333333333275,
    "z_score": -21.285714285714324
  },
  "nl_comparisons": {
    "English-Cury": {
      "j_if": 0.7272727272727273,
      "nmi_class_pos": 0.438815020652305,
      "sub_alpha_1pct": {
        "I": 11,
        "M": 13,
        "F": 6
      }
    },
    "French-Viandier": {
      "j_if": 0.4090909090909091,
      "nmi_class_pos": 0.5745327207077813,
      "sub_alpha_1pct": {
        "I": 10,
        "M": 22,
        "F": 5
      }
    },
    "German-BvgS": {
      "j_if": 0.5217391304347826,
      "nmi_class_pos": 0.379976061562765,
      "sub_alpha_1pct": {
        "I": 12,
        "M": 11,
        "F": 9
      }
    },
    "German-Faust": {
      "j_if": 0.47619047619047616,
      "nmi_class_pos": 0.4964359549998527,
      "sub_alpha_1pct": {
        "I": 10,
        "M": 12,
        "F": 6
      }
    },
    "Italian-Cucina": {
      "j_if": 0.3333333333333333,
      "nmi_class_pos": 0.26235648353748015,
      "sub_alpha_1pct": {
        "I": 5,
        "M": 10,
        "F": 8
      }
    },
    "Latin-Apicius": {
      "j_if": 0.8333333333333334,
      "nmi_class_pos": 0.44007301315702024,
      "sub_alpha_1pct": {
        "I": 6,
        "M": 15,
        "F": 5
      }
    },
    "Latin-Caesar": {
      "j_if": 0.6086956521739131,
      "nmi_class_pos": 0.3990011029657673,
      "sub_alpha_1pct": {
        "I": 9,
        "M": 12,
        "F": 8
      }
    },
    "Latin-Vulgate": {
      "j_if": 0.45454545454545453,
      "nmi_class_pos": 0.4004041664657898,
      "sub_alpha_1pct": {
        "I": 9,
        "M": 12,
        "F": 5
      }
    }
  },
  "language_triangulation": {
    "English-Cury": {
      "L1_I": 0.9011051856248051,
      "L1_F": 0.6953494450964427,
      "L1_mean": 0.7982273153606239,
      "dH_I": 1.4581098628225897,
      "dH_F": 1.4491128598944272
    },
    "French-Viandier": {
      "L1_I": 0.7376052749456465,
      "L1_F": 0.5012510961470844,
      "L1_mean": 0.6194281855463655,
      "dH_I": 1.0415058758687912,
      "dH_F": 0.7671673740813021
    },
    "German-BvgS": {
      "L1_I": 0.7437429174625632,
      "L1_F": 0.651468096025942,
      "L1_mean": 0.6976055067442526,
      "dH_I": 1.2467047958462478,
      "dH_F": 1.1693037157680997
    },
    "German-Faust": {
      "L1_I": 0.8591822896212101,
      "L1_F": 0.6711571189700176,
      "L1_mean": 0.7651697042956138,
      "dH_I": 1.303129858063441,
      "dH_F": 1.1600536128554184
    },
    "Italian-Cucina": {
      "L1_I": 0.7556554042084952,
      "L1_F": 0.6403813885960655,
      "L1_mean": 0.6980183964022804,
      "dH_I": 1.1760826928209855,
      "dH_F": 0.5670432615599337
    },
    "Latin-Apicius": {
      "L1_I": 0.7424365459680583,
      "L1_F": 0.7124571333438849,
      "L1_mean": 0.7274468396559717,
      "dH_I": 1.1420377245902689,
      "dH_F": 1.2381880562435978
    },
    "Latin-Caesar": {
      "L1_I": 0.8062236733443122,
      "L1_F": 0.6967527314315983,
      "L1_mean": 0.7514882023879552,
      "dH_I": 1.2187700323542554,
      "dH_F": 0.9859881811852413
    },
    "Latin-Vulgate": {
      "L1_I": 0.8297101730239591,
      "L1_F": 0.6981081604623625,
      "L1_mean": 0.7639091667431608,
      "dH_I": 1.2244079264112449,
      "dH_F": 1.1049010094099398
    }
  },
  "best_language_match": "French-Viandier"
}