{
  "corrected_verdict": "NOT_SUPPORTED",
  "vms_h_char_ratio_no_boundary": 0.6529526101867922,
  "vms_h_chunk_ratio_no_boundary": 0.8176291314607953,
  "vms_h_word_ratio_no_boundary": 0.4148256107275044,
  "vms_h_char_ratio_intra_word": 0.5810129164854276,
  "nl_char_h_ratio_mean": 0.8512427242498033,
  "nl_char_h_ratio_std": 0.0201625264603409,
  "nl_syl_h_ratio_mean": 0.5014146463712852,
  "nl_syl_h_ratio_std": 0.0587093378139985,
  "nl_word_h_ratio_mean": 0.39236896018937933,
  "nl_word_h_ratio_std": 0.03363803209538095,
  "z_chunk_vs_nl_char": -1.6671319864167295,
  "z_chunk_vs_nl_syl": 5.386102055712724,
  "z_chunk_vs_nl_word": 12.642242865622663,
  "best_match_level": "NL char",
  "best_match_z": 1.6671319864167295,
  "n_chunk_types": 523,
  "mean_nl_syl_types": 2540.75,
  "mean_nl_char_types": 30.0
}