{
 "params": {
  "seed": 119,
  "n_perm": 1000,
  "min_support": 100,
  "min_line_words": 5,
  "p_replicate": 0.005,
  "p_nullband": 0.05,
  "classes": "first EVA glyph (common.core.eva_to_glyphs)"
 },
 "rows": {
  "PREC_records": {
   "T": 0.029613,
   "n_perm_ge": 0,
   "p": 0.001,
   "n_lines": 4600,
   "class_means": {
    "g": 0.3297,
    "h": 0.3415,
    "i": 0.3234,
    "l": 0.3287,
    "m": 0.3285,
    "n": 0.468,
    "o": 0.5124,
    "p": 0.5002,
    "r": 0.4946,
    "s": 0.4948,
    "t": 0.7104,
    "u": 0.7102,
    "v": 0.7101
   },
   "class_support": {
    "g": 383,
    "h": 441,
    "i": 2153,
    "l": 778,
    "m": 1247,
    "n": 193,
    "o": 236,
    "p": 786,
    "r": 341,
    "s": 478,
    "t": 1820,
    "u": 434,
    "v": 1813
   }
  },
  "P1_latin": {
   "T": 0.000106,
   "n_perm_ge": 132,
   "p": 0.1329,
   "n_lines": 4755,
   "class_means": {
    "a": 0.5039,
    "b": 0.5175,
    "c": 0.4946,
    "d": 0.5085,
    "e": 0.4996,
    "f": 0.512,
    "g": 0.5068,
    "h": 0.4949,
    "i": 0.4873,
    "l": 0.5078,
    "m": 0.5066,
    "n": 0.496,
    "o": 0.4899,
    "p": 0.4902,
    "q": 0.5198,
    "r": 0.5065,
    "s": 0.4992,
    "t": 0.4793,
    "u": 0.5056,
    "v": 0.5301
   },
   "class_support": {
    "a": 1947,
    "b": 169,
    "c": 2116,
    "d": 790,
    "e": 1822,
    "f": 613,
    "g": 287,
    "h": 646,
    "i": 1662,
    "l": 504,
    "m": 778,
    "n": 858,
    "o": 580,
    "p": 1643,
    "q": 909,
    "r": 759,
    "s": 1370,
    "t": 562,
    "u": 402,
    "v": 527
   }
  },
  "N1_shuffle": {
   "T": 4.2e-05,
   "n_perm_ge": 643,
   "p": 0.6434,
   "n_lines": 3956,
   "class_means": {
    "a": 0.4901,
    "ch": 0.5033,
    "ckh": 0.5463,
    "cth": 0.4927,
    "d": 0.4961,
    "k": 0.5065,
    "l": 0.5044,
    "o": 0.496,
    "p": 0.4802,
    "q": 0.4984,
    "r": 0.5022,
    "s": 0.5054,
    "sh": 0.5066,
    "t": 0.5042,
    "y": 0.509
   },
   "class_support": {
    "a": 1225,
    "ch": 3379,
    "ckh": 106,
    "cth": 287,
    "d": 2048,
    "k": 716,
    "l": 844,
    "o": 4798,
    "p": 325,
    "q": 3107,
    "r": 296,
    "s": 756,
    "sh": 1810,
    "t": 597,
    "y": 1158
   }
  },
  "VMS_currier_B": {
   "T": 0.000599,
   "n_perm_ge": 0,
   "p": 0.001,
   "n_lines": 2522,
   "class_means": {
    "a": 0.5359,
    "ch": 0.4983,
    "d": 0.522,
    "k": 0.4811,
    "l": 0.4967,
    "o": 0.5183,
    "q": 0.4743,
    "r": 0.5608,
    "s": 0.531,
    "sh": 0.4569,
    "t": 0.5304,
    "y": 0.4996
   },
   "class_support": {
    "a": 877,
    "ch": 2327,
    "d": 764,
    "k": 490,
    "l": 784,
    "o": 3529,
    "q": 2908,
    "r": 223,
    "s": 231,
    "sh": 1314,
    "t": 258,
    "y": 516
   }
  },
  "VMS_currier_A": {
   "T": 0.001013,
   "n_perm_ge": 0,
   "p": 0.001,
   "n_lines": 1310,
   "class_means": {
    "a": 0.5164,
    "ch": 0.4867,
    "cth": 0.526,
    "d": 0.5543,
    "k": 0.4413,
    "o": 0.5161,
    "q": 0.4742,
    "s": 0.5405,
    "sh": 0.4577,
    "t": 0.5159,
    "y": 0.5037
   },
   "class_support": {
    "a": 140,
    "ch": 1142,
    "cth": 195,
    "d": 688,
    "k": 229,
    "o": 981,
    "q": 631,
    "s": 241,
    "sh": 506,
    "t": 109,
    "y": 260
   }
  }
 },
 "verdict": "replicated"
}