{
 "features": [
  "mean_wlen",
  "ttr_5000",
  "hapax_mid",
  "heaps_beta",
  "zipf_alpha",
  "h0_char",
  "h1_char",
  "h2_char",
  "h2_ratio",
  "h_word",
  "pos_predict",
  "line_init_jsd",
  "line_final_jsd",
  "adj_exact",
  "adj_near"
 ],
 "yardsticks": {
  "internal_tight": 0.04932024719839334,
  "internal_loose": 0.17479771548240147
 },
 "rankings": {
  "VMS_full": [
   [
    "vms_word_shuffle",
    0.341
   ],
   [
    "italian_plain",
    0.8868
   ],
   [
    "latin_plain",
    0.953
   ],
   [
    "latin_subst",
    0.953
   ],
   [
    "latin_verbose",
    0.9965
   ],
   [
    "latin_abjad",
    1.0036
   ],
   [
    "self_citation",
    1.0797
   ],
   [
    "grille_table",
    1.3992
   ],
   [
    "vms_char_shuffle",
    1.5799
   ]
  ],
  "VMS_currier_A": [
   [
    "vms_word_shuffle",
    0.4468
   ],
   [
    "italian_plain",
    0.8468
   ],
   [
    "latin_plain",
    0.9607
   ],
   [
    "latin_subst",
    0.9607
   ],
   [
    "latin_verbose",
    0.9814
   ],
   [
    "latin_abjad",
    0.9845
   ],
   [
    "self_citation",
    1.101
   ],
   [
    "grille_table",
    1.3508
   ],
   [
    "vms_char_shuffle",
    1.5906
   ]
  ],
  "VMS_currier_B": [
   [
    "vms_word_shuffle",
    0.527
   ],
   [
    "italian_plain",
    0.9951
   ],
   [
    "latin_plain",
    1.1331
   ],
   [
    "latin_subst",
    1.1331
   ],
   [
    "latin_abjad",
    1.1407
   ],
   [
    "latin_verbose",
    1.1522
   ],
   [
    "self_citation",
    1.1746
   ],
   [
    "grille_table",
    1.4501
   ],
   [
    "vms_char_shuffle",
    1.7858
   ]
  ]
 },
 "fingerprints": {
  "VMS_full": {
   "label": "VMS_full",
   "n_tokens": 39645,
   "n_types": 7297,
   "mean_wlen": 4.960474208601337,
   "ttr_5000": 0.361,
   "hapax_mid": 0.6711578947368421,
   "heaps_beta": 0.7582394633016477,
   "zipf_alpha": 0.9292127899132927,
   "h0_char": 4.700439718141092,
   "h1_char": 3.8706096478534024,
   "h2_char": 2.1131137825217974,
   "h2_ratio": 0.5459382306076013,
   "h_word": 10.237369047083213,
   "pos_predict": 0.8505046329140652,
   "line_init_jsd": 0.16381382149572632,
   "line_final_jsd": 0.08367274689471578,
   "adj_exact": 0.008854360058267402,
   "adj_near": 0.026591642626603067
  },
  "VMS_currier_A": {
   "label": "VMS_currier_A",
   "n_tokens": 11708,
   "n_types": 3086,
   "mean_wlen": 4.770669627605057,
   "ttr_5000": 0.3186,
   "hapax_mid": 0.6735147140477512,
   "heaps_beta": 0.7829682204318245,
   "zipf_alpha": 0.9340180348007873,
   "h0_char": 4.643856189774724,
   "h1_char": 3.834745381861095,
   "h2_char": 2.129288867778041,
   "h2_ratio": 0.5552621245337143,
   "h_word": 9.67179393331494,
   "pos_predict": 0.8758393432658474,
   "line_init_jsd": 0.13114515193854145,
   "line_final_jsd": 0.0861327233707618,
   "adj_exact": 0.009812667261373774,
   "adj_near": 0.029636237486371297
  },
  "VMS_currier_B": {
   "label": "VMS_currier_B",
   "n_tokens": 25098,
   "n_types": 4693,
   "mean_wlen": 5.070921985815603,
   "ttr_5000": 0.356,
   "hapax_mid": 0.6815458358298382,
   "heaps_beta": 0.727895072908414,
   "zipf_alpha": 0.9817650913451645,
   "h0_char": 4.643856189774724,
   "h1_char": 3.8748380059573204,
   "h2_char": 1.994140746302901,
   "h2_ratio": 0.5146384812054168,
   "h_word": 9.775327242453537,
   "pos_predict": 0.823731578239244,
   "line_init_jsd": 0.20998554724597787,
   "line_final_jsd": 0.1005080659916059,
   "adj_exact": 0.008829825187299321,
   "adj_near": 0.026489475561897968
  },
  "VMS_half_even": {
   "label": "VMS_half_even",
   "n_tokens": 19912,
   "n_types": 4609,
   "mean_wlen": 4.950281237444757,
   "ttr_5000": 0.3458,
   "hapax_mid": 0.6754087193460491,
   "heaps_beta": 0.7756031080318105,
   "zipf_alpha": 0.9180106731069057,
   "h0_char": 4.700439718141092,
   "h1_char": 3.869195765574507,
   "h2_char": 2.112338474962972,
   "h2_ratio": 0.5459373479515134,
   "h_word": 10.043607321422567,
   "pos_predict": 0.8519424787408011,
   "line_init_jsd": 0.15931175141437762,
   "line_final_jsd": 0.08071609495946602,
   "adj_exact": 0.008581983518044898,
   "adj_near": 0.026484796817277636
  },
  "VMS_half_odd": {
   "label": "VMS_half_odd",
   "n_tokens": 19733,
   "n_types": 4697,
   "mean_wlen": 4.970759641210155,
   "ttr_5000": 0.3554,
   "hapax_mid": 0.6851538721677376,
   "heaps_beta": 0.7632692877998611,
   "zipf_alpha": 0.9189177701328747,
   "h0_char": 4.700439718141092,
   "h1_char": 3.871969665952881,
   "h2_char": 2.1120008278591307,
   "h2_ratio": 0.5454590324997738,
   "h_word": 10.076723343753645,
   "pos_predict": 0.8468549380500114,
   "line_init_jsd": 0.17070893331255874,
   "line_final_jsd": 0.08982886619283774,
   "adj_exact": 0.009129536058796508,
   "adj_near": 0.026699586587046395
  },
  "VMS_half_first": {
   "label": "VMS_half_first",
   "n_tokens": 20051,
   "n_types": 4787,
   "mean_wlen": 4.989925689491796,
   "ttr_5000": 0.361,
   "hapax_mid": 0.6707573632538569,
   "heaps_beta": 0.7775901646545426,
   "zipf_alpha": 0.9038346740088461,
   "h0_char": 4.700439718141092,
   "h1_char": 3.869711627372406,
   "h2_char": 2.107065778612652,
   "h2_ratio": 0.544502015010194,
   "h_word": 10.11507035217698,
   "pos_predict": 0.8436340039060347,
   "line_init_jsd": 0.1919969678118695,
   "line_final_jsd": 0.09445154358122157,
   "adj_exact": 0.009360550355249802,
   "adj_near": 0.029096650501860832
  },
  "VMS_half_second": {
   "label": "VMS_half_second",
   "n_tokens": 19594,
   "n_types": 4203,
   "mean_wlen": 4.930335817086863,
   "ttr_5000": 0.399,
   "hapax_mid": 0.7046004842615012,
   "heaps_beta": 0.718117238300704,
   "zipf_alpha": 0.9403042757885336,
   "h0_char": 4.700439718141092,
   "h1_char": 3.8672726446557766,
   "h2_char": 2.1072561803209813,
   "h2_ratio": 0.5448946515919999,
   "h_word": 9.898912945090407,
   "pos_predict": 0.8523643550208561,
   "line_init_jsd": 0.14355817164637127,
   "line_final_jsd": 0.0763857667099119,
   "adj_exact": 0.008334780343809689,
   "adj_near": 0.02402037390750709
  },
  "grille_table": {
   "label": "grille_table",
   "n_tokens": 38004,
   "n_types": 903,
   "mean_wlen": 4.975792021892432,
   "ttr_5000": 0.1762,
   "hapax_mid": 0.0,
   "heaps_beta": 0.3152972495962095,
   "zipf_alpha": 0.5224970554254771,
   "h0_char": 4.087462841250339,
   "h1_char": 3.7909462439060704,
   "h2_char": 2.6158843752217917,
   "h2_ratio": 0.6900346791851282,
   "h_word": 9.471747973943055,
   "pos_predict": 0.7912156078291805,
   "line_init_jsd": 0.0003710455543153824,
   "line_final_jsd": 0.00010490857777714136,
   "adj_exact": 0.0003907424105801022,
   "adj_near": 0.005410279531109108
  },
  "italian_plain": {
   "label": "italian_plain",
   "n_tokens": 38006,
   "n_types": 6964,
   "mean_wlen": 3.935878545492817,
   "ttr_5000": 0.3374,
   "hapax_mid": 0.6547646122356152,
   "heaps_beta": 0.7589573556793391,
   "zipf_alpha": 1.024305691666337,
   "h0_char": 5.169925001442312,
   "h1_char": 4.015153828424094,
   "h2_char": 3.1556194820199437,
   "h2_ratio": 0.7859274181927149,
   "h_word": 9.792427486316031,
   "pos_predict": 0.8851977394376184,
   "line_init_jsd": 0.0012818394129562843,
   "line_final_jsd": 0.0014667406451561464,
   "adj_exact": 0.0004213314072469002,
   "adj_near": 9.028530155290719e-05
  },
  "latin_abjad": {
   "label": "latin_abjad",
   "n_tokens": 37540,
   "n_types": 6042,
   "mean_wlen": 3.3814064997336173,
   "ttr_5000": 0.3222,
   "hapax_mid": 0.549961069296652,
   "heaps_beta": 0.7106201004719617,
   "zipf_alpha": 0.8655140235546247,
   "h0_char": 4.247927513443585,
   "h1_char": 3.5509825379427364,
   "h2_char": 3.1139924088505633,
   "h2_ratio": 0.876938248942969,
   "h_word": 10.040928048734646,
   "pos_predict": 0.8489452800129027,
   "line_init_jsd": 0.00027479780889444125,
   "line_final_jsd": 0.000918858302870972,
   "adj_exact": 0.0014945859386914747,
   "adj_near": 0.0008845508616745463
  },
  "latin_plain": {
   "label": "latin_plain",
   "n_tokens": 38003,
   "n_types": 8932,
   "mean_wlen": 6.093308423019235,