{
  "vms": {
    "n_words": 40300,
    "parser_suffix_types": 11,
    "parser_suffix_H": 2.9908430632187177,
    "parser_paradigm": {
      "n_stems": 373,
      "mean_size": 4.410187667560321,
      "median_size": 4.0,
      "max_size": 11,
      "std_size": 2.4583617154581257,
      "distribution": {
        "1": 62,
        "2": 39,
        "3": 48,
        "4": 41,
        "5": 53,
        "6": 52,
        "7": 34,
        "8": 20,
        "9": 19,
        "10": 4,
        "11": 1
      }
    }
  },
  "test_results": {
    "note": "See .txt output for full tables and analysis"
  }
}