{
  "null_model": {
    "actual_pct": 99.07407407407408,
    "random_pct": 21.572222222222223,
    "z_score": 20.95092103306433
  },
  "blend_test": {
    "avg_real": 0.9363266834746573,
    "avg_null": 0.7775434898750532
  },
  "h_permutation": {
    "p_value": 0.0,
    "n_verbal": 10,
    "n_verbal_h": 10
  },
  "construct_chains": {
    "self_repeat_ratio": 1.5505387028980024,
    "aba_ratio": 1.4858291692682406
  },
  "reparse": {
    "clean_parse_pct": 64.82382133995037,
    "unknown_decomposable_pct": 10.701185101580135
  },
  "paradigm": {
    "avg_fill": 6.157894736842105
  }
}