{
 "grille_table": {
  "label": "grille_table",
  "n_tokens": 38004,
  "n_types": 933,
  "mean_wlen": 5.5249447426586675,
  "ttr_5000": 0.1812,
  "hapax_mid": 0.0,
  "heaps_beta": 0.3193596386380628,
  "zipf_alpha": 0.5321693417250586,
  "h0_char": 4.169925001442312,
  "h1_char": 3.7781841256558906,
  "h2_char": 2.5509757265458446,
  "h2_ratio": 0.6751856557819285,
  "h_word": 9.502488305531559,
  "pos_predict": 0.7795033511479931,
  "line_init_jsd": 0.00022733537384454143,
  "line_final_jsd": 0.0003696613463244785,
  "adj_exact": 0.0,
  "adj_near": 0.0018027221103866838
 },
 "italian_plain": {
  "label": "italian_plain",
  "n_tokens": 38006,
  "n_types": 6964,
  "mean_wlen": 3.935878545492817,
  "ttr_5000": 0.3374,
  "hapax_mid": 0.6547646122356152,
  "heaps_beta": 0.7589573556793391,
  "zipf_alpha": 1.024305691666337,
  "h0_char": 5.169925001442312,
  "h1_char": 4.015153828424094,
  "h2_char": 3.1556194820199437,
  "h2_ratio": 0.7859274181927149,
  "h_word": 9.792427486316031,
  "pos_predict": 0.8851977394376184,
  "line_init_jsd": 0.0012818394129562847,
  "line_final_jsd": 0.0014667406451561466,
  "adj_exact": 0.0004213314072469002,
  "adj_near": 9.028530155290719e-05
 },
 "latin_abjad": {
  "label": "latin_abjad",
  "n_tokens": 37540,
  "n_types": 6042,
  "mean_wlen": 3.3814064997336173,
  "ttr_5000": 0.3222,
  "hapax_mid": 0.549961069296652,
  "heaps_beta": 0.7106201004719617,
  "zipf_alpha": 0.8655140235546247,
  "h0_char": 4.247927513443585,
  "h1_char": 3.5509825379427364,
  "h2_char": 3.1139924088505633,
  "h2_ratio": 0.876938248942969,
  "h_word": 10.040928048734646,
  "pos_predict": 0.8489452800129027,
  "line_init_jsd": 0.0002747978088944412,
  "line_final_jsd": 0.000918858302870972,
  "adj_exact": 0.0014945859386914747,
  "adj_near": 0.0008845508616745463
 },
 "latin_plain": {
  "label": "latin_plain",
  "n_tokens": 38003,
  "n_types": 8932,
  "mean_wlen": 6.093308423019235,
  "ttr_5000": 0.4206,
  "hapax_mid": 0.6089862606758262,
  "heaps_beta": 0.7614570328791769,
  "zipf_alpha": 0.8074572976405407,
  "h0_char": 4.584962500721156,
  "h1_char": 4.016566630544413,
  "h2_char": 3.3038616192511308,
  "h2_ratio": 0.8225586485050589,
  "h_word": 11.040689630248103,
  "pos_predict": 0.9188712949062533,
  "line_init_jsd": 0.0005813002877895542,
  "line_final_jsd": 0.0010381502791774063,
  "adj_exact": 0.0,
  "adj_near": 0.00030076997112608275
 },
 "latin_subst": {
  "label": "latin_subst",
  "n_tokens": 38003,
  "n_types": 8932,
  "mean_wlen": 6.093308423019235,
  "ttr_5000": 0.4206,
  "hapax_mid": 0.6089862606758262,
  "heaps_beta": 0.7614570328791769,
  "zipf_alpha": 0.8074572976405407,
  "h0_char": 4.584962500721156,
  "h1_char": 4.016566630544413,
  "h2_char": 3.3038616192511308,
  "h2_ratio": 0.8225586485050589,
  "h_word": 11.040689630248103,
  "pos_predict": 0.9188712949062533,
  "line_init_jsd": 0.0005813002877895539,
  "line_final_jsd": 0.0010381502791774065,
  "adj_exact": 0.0,
  "adj_near": 0.00030076997112608275
 },
 "latin_verbose": {
  "label": "latin_verbose",
  "n_tokens": 38003,
  "n_types": 8932,
  "mean_wlen": 14.389521879851591,
  "ttr_5000": 0.4206,
  "hapax_mid": 0.6089862606758262,
  "heaps_beta": 0.7614570328791769,
  "zipf_alpha": 0.8074572976405407,
  "h0_char": 4.0,
  "h1_char": 3.8317068517488333,
  "h2_char": 2.0411994046376005,
  "h2_ratio": 0.5327128310209782,
  "h_word": 11.040689630248103,
  "pos_predict": 0.9486933477943831,
  "line_init_jsd": 0.0003077087505600736,
  "line_final_jsd": 0.0006095052809127199,
  "adj_exact": 0.0,
  "adj_near": 0.0007218479307025986
 },
 "self_citation": {
  "label": "self_citation",
  "n_tokens": 38001,
  "n_types": 10062,
  "mean_wlen": 5.509776058524776,
  "ttr_5000": 0.3496,
  "hapax_mid": 0.5296795338674436,
  "heaps_beta": 0.8217216489289091,
  "zipf_alpha": 0.6384403779586867,
  "h0_char": 4.754887502163468,
  "h1_char": 4.133372463780288,
  "h2_char": 3.360669568688933,
  "h2_ratio": 0.8130575209801782,
  "h_word": 11.878616908330901,
  "pos_predict": 0.8768319941588771,
  "line_init_jsd": 0.1070470178109382,
  "line_final_jsd": 0.09687632890559532,
  "adj_exact": 0.0572523450011439,
  "adj_near": 0.21239418897277512
 },
 "vms_char_shuffle": {
  "label": "vms_char_shuffle",
  "n_tokens": 39486,
  "n_types": 33759,
  "mean_wlen": 5.133490351010485,
  "ttr_5000": 0.954,
  "hapax_mid": 0.9527804546227538,
  "heaps_beta": 0.9701343516771209,
  "zipf_alpha": 0.6370681433101419,
  "h0_char": 4.754887502163468,
  "h1_char": 3.90242901860878,
  "h2_char": 3.846029285157806,
  "h2_ratio": 0.9855475312473254,
  "h_word": 14.777612150663957,
  "pos_predict": 0.9920686880369586,
  "line_init_jsd": 0.0020376573856137163,
  "line_final_jsd": 0.0010279821474333693,
  "adj_exact": 8.668265480077436e-05,
  "adj_near": 0.00020225952786847353
 },
 "vms_word_shuffle": {
  "label": "vms_word_shuffle",
  "n_tokens": 39486,
  "n_types": 8454,
  "mean_wlen": 5.133490351010485,
  "ttr_5000": 0.3776,
  "hapax_mid": 0.6835271317829458,
  "heaps_beta": 0.7645403775340189,
  "zipf_alpha": 0.8961692073737471,
  "h0_char": 4.754887502163468,
  "h1_char": 3.90242901860878,
  "h2_char": 2.221502662941933,
  "h2_ratio": 0.5692615169548685,
  "h_word": 10.541902939654214,
  "pos_predict": 0.8980852528381061,
  "line_init_jsd": 0.0010258406221855434,
  "line_final_jsd": 0.0008301236650490276,
  "adj_exact": 0.003293940882429426,
  "adj_near": 0.011268745124100667
 },
 "VMS": {
  "label": "VMS",
  "n_tokens": 39486,
  "n_types": 8454,
  "mean_wlen": 5.133490351010485,
  "ttr_5000": 0.3796,
  "hapax_mid": 0.704351059873559,
  "heaps_beta": 0.7787691947691785,
  "zipf_alpha": 0.8961692073737471,
  "h0_char": 4.754887502163468,
  "h1_char": 3.90242901860878,
  "h2_char": 2.2215045011421473,
  "h2_ratio": 0.5692619879948811,
  "h_word": 10.541902939654214,
  "pos_predict": 0.8980852528381061,
  "line_init_jsd": 0.14915733094299358,
  "line_final_jsd": 0.09412356611514398,
  "adj_exact": 0.008668265480077436,
  "adj_near": 0.02612037331330001
 }
}