{
  "baselines": {
    "all": {
      "label": "VMS_all",
      "n_tokens": 78526,
      "n_types": 523,
      "hapax_ratio": 0.19694072657743786,
      "ttr": 0.006660214451264549,
      "h_ratio": 0.8176291314607953,
      "zipf_slope": -0.8755383550035969,
      "heaps_beta": 0.35471364317777343,
      "glyph_h_char": 0.6529526101867922,
      "n_glyphs": 183224,
      "cross_word_mi": 0.7163196483738956,
      "positional_gini": 0.44228234791079457,
      "word_types": 8118,
      "word_tokens": 40309,
      "word_ttr": 0.20139422957652137,
      "word_zipf": -0.5182835338469904,
      "mean_chunks_per_word": 1.9481009203899873
    },
    "A": {
      "label": "VMS_A",
      "n_tokens": 49835,
      "n_types": 487,
      "hapax_ratio": 0.20944558521560575,
      "ttr": 0.00977224841978529,
      "h_ratio": 0.8075658952726213,
      "zipf_slope": -0.8763138592834642,
      "heaps_beta": 0.3740984233594265,
      "glyph_h_char": 0.65758082407636,
      "n_glyphs": 116099,
      "cross_word_mi": 0.8229423138861278,
      "positional_gini": 0.44851554757327594,
      "word_types": 6094,
      "word_tokens": 25410,
      "word_ttr": 0.23982683982683983,
      "word_zipf": -0.5168750904080338,
      "mean_chunks_per_word": 1.9612357339630067
    },
    "B": {
      "label": "VMS_B",
      "n_tokens": 28691,
      "n_types": 383,
      "hapax_ratio": 0.19843342036553524,
      "ttr": 0.013349133874734237,
      "h_ratio": 0.7723450209608416,
      "zipf_slope": -0.9094955525386856,
      "heaps_beta": 0.33519909833927153,
      "glyph_h_char": 0.6385804377647523,
      "n_glyphs": 67125,
      "cross_word_mi": 0.9696437028071178,
      "positional_gini": 0.4493733300171605,
      "word_types": 3603,
      "word_tokens": 14899,
      "word_ttr": 0.24182831062487414,
      "word_zipf": -0.5607148968480428,
      "mean_chunks_per_word": 1.9256997113900263
    }
  },
  "perplexity": {
    "bigram": 21.456182102937465,
    "trigram": 49.19603109897464
  },
  "cv_perplexity": {
    "bigram_mean": 23.397514007065894,
    "bigram_std": 3.3031774006016437,
    "trigram_mean": 54.20755848293315,
    "trigram_std": 9.540561938855202
  },
  "z_scores": {
    "h_ratio": {
      "vms": 0.8176291314607953,
      "bigram_mean": 0.840130238094211,
      "bigram_z": -41.98174699880705,
      "trigram_mean": 0.8001943525743686,
      "trigram_z": 26.942393767092373,
      "shuffle_mean": 0.940971637289028,
      "shuffle_z": -387.47644363684867,
      "uniform_mean": 0.7715164352181441,
      "uniform_z": 165.495574054116
    },
    "glyph_h_char": {
      "vms": 0.6529526101867922,
      "bigram_mean": 0.6695344913550281,
      "bigram_z": -17.563187036199977,
      "trigram_mean": 0.6524279906999275,
      "trigram_z": 0.6586269394109984,
      "shuffle_mean": 0.7137502526022874,
      "shuffle_z": -475.0400758695206,
      "uniform_mean": 0.7865147941135096,
      "uniform_z": -402.25378164595367
    },
    "zipf_slope": {
      "vms": -0.8755383550035969,
      "bigram_mean": -0.8773943142574783,
      "bigram_z": 0.450237372743383,
      "trigram_mean": -0.8742254734219257,
      "trigram_z": -0.34847842288332154,
      "uniform_mean": -0.033823932636633094,
      "uniform_z": -123.87079317437346
    },
    "heaps_beta": {
      "vms": 0.35471364317777343,
      "bigram_mean": 0.31650584710383395,
      "bigram_z": 4.861827601560478,
      "trigram_mean": 0.31578239654714535,
      "trigram_z": 2.837182362834438,
      "shuffle_mean": 0.33658065232167533,
      "shuffle_z": 1.8179482785539949,
      "uniform_mean": 0.2216908065360001,
      "uniform_z": 29.960578118550085
    },
    "ttr": {
      "vms": 0.006660214451264549,
      "bigram_mean": 0.006012660262519056,
      "bigram_z": 12.621060450479645,
      "trigram_mean": 0.00602676394443623,
      "trigram_z": 11.058325866331828
    },
    "cross_word_mi": {
      "vms": 0.7163196483738956,
      "bigram_mean": 0.4050607886151716,
      "bigram_z": 68.6873275222421,
      "trigram_mean": 0.8483063848428356,
      "trigram_z": -14.627949853458883,
      "shuffle_mean": 0.5372875572893724,
      "shuffle_z": 65.76225811017233,
      "uniform_mean": 2.887630619699703,
      "uniform_z": -629.3004765500677
    },
    "positional_gini": {
      "vms": 0.44228234791079457,
      "bigram_mean": 0.4415229928614556,
      "bigram_z": 0.21426091727146201,
      "trigram_mean": 0.4462396567297987,
      "trigram_z": -1.2947037774854342,
      "shuffle_mean": 0.26602703190924537,
      "shuffle_z": 46.059846768542414,
      "uniform_mean": 0.25182399478882783,
      "uniform_z": 317.80490603304736
    },
    "word_ttr": {
      "vms": 0.20139422957652137,
      "bigram_mean": 0.20509612387429418,
      "bigram_z": -4.700362126594161,
      "trigram_mean": 0.1610375396838432,
      "trigram_z": 47.24574984958994,
      "shuffle_mean": 0.3561512317348483,
      "shuffle_z": -190.057940205379,
      "uniform_mean": 0.7188717159939467,
      "uniform_z": -1155.273161069315
    },
    "mean_chunks_per_word": {
      "vms": 1.9481009203899873,
      "bigram_mean": 1.947432565044379,
      "bigram_z": 0.2021880145940852,
      "trigram_mean": 1.9460295154003426,
      "trigram_z": 0.7263528301963889
    }
  },
  "synthetic_bigram_means": {
    "h_ratio": {
      "mean": 0.840130238094211,
      "std": 0.0005359735657035672
    },
    "glyph_h_char": {
      "mean": 0.6695344913550281,
      "std": 0.000944127118504091
    },
    "zipf_slope": {
      "mean": -0.8773943142574783,
      "std": 0.004122179468516044
    },
    "heaps_beta": {
      "mean": 0.31650584710383395,
      "std": 0.007858731161441451
    },
    "ttr": {
      "mean": 0.006012660262519056,
      "std": 5.1307431042443324e-05
    },
    "hapax_ratio": {
      "mean": 0.12007546799169148,
      "std": 0.009823426542085076
    },
    "cross_word_mi": {
      "mean": 0.4050607886151716,
      "std": 0.004531532540088028
    },
    "positional_gini": {
      "mean": 0.4415229928614556,
      "std": 0.0035440670142232
    },
    "word_ttr": {
      "mean": 0.20509612387429418,
      "std": 0.0007875764032792036
    },
    "mean_chunks_per_word": {
      "mean": 1.947432565044379,
      "std": 0.003305613079737599
    }
  },
  "synthetic_trigram_means": {
    "h_ratio": {
      "mean": 0.8001943525743686,
      "std": 0.0006471132089132225
    },
    "glyph_h_char": {
      "mean": 0.6524279906999275,
      "std": 0.0007965351179437393
    },
    "zipf_slope": {
      "mean": -0.8742254734219257,
      "std": 0.0037674687884787107
    },
    "heaps_beta": {
      "mean": 0.31578239654714535,
      "std": 0.013721799183798143
    },
    "ttr": {
      "mean": 0.00602676394443623,
      "std": 5.728267682515331e-05
    },
    "hapax_ratio": {
      "mean": 0.12616386537478008,
      "std": 0.011964048859575799
    },
    "cross_word_mi": {
      "mean": 0.8483063848428356,
      "std": 0.009022914201317882
    },
    "positional_gini": {
      "mean": 0.4462396567297987,
      "std": 0.0030565360878841304
    },
    "word_ttr": {
      "mean": 0.1610375396838432,
      "std": 0.0008541866733231333
    },
    "mean_chunks_per_word": {
      "mean": 1.9460295154003426,
      "std": 0.002851788970223443
    }
  },
  "collapsed_25": {
    "n_classes": 25,
    "vms_h_ratio": 0.8494837472317003,
    "vms_types": 25
  }
}