{
  "test": "position_identity_decomposition",
  "question": "Position \u00d7 Identity decomposition: cipher or NL?",
  "vms_metrics_2p": {
    "mean_pci": 0.8035836907912831,
    "median_pci": 0.8813835330901512,
    "wt_pci": 0.8247171033796917,
    "restricted": 0.6086956521739131,
    "J_IF": 0.24102564102564103,
    "J_IM": 0.4025157232704403,
    "J_MF": 0.3870967741935484,
    "J_mean": 0.3435460461632099,
    "nmi": 0.5580431696490576,
    "pos_pct": 12.990218732874533,
    "n_types": 184
  },
  "vms_metrics_3p": {
    "mean_pci": 0.7342278315313518,
    "median_pci": 0.770979020979021,
    "wt_pci": 0.7258909363015621,
    "restricted": 0.41509433962264153,
    "J_IF": 0.2553191489361702,
    "J_IM": 0.34234234234234234,
    "J_MF": 0.375,
    "J_mean": 0.3242204970928375,
    "nmi": 0.43164175187125964,
    "pos_pct": 11.35578963099401,
    "n_types": 106
  },
  "nl_char_means": {
    "mean_pci": 0.676231527525828,
    "wt_pci": 0.6457256406543838,
    "restricted": 0.25301091822830957,
    "J_IF": 0.757057453416149,
    "J_mean": 0.8145049818025831,
    "nmi": 0.17564961370375987,
    "pos_pct": 5.887066585207057
  },
  "nl_char_stds": {
    "mean_pci": 0.03838016801695829,
    "wt_pci": 0.03307169678588045,
    "restricted": 0.10147149559724822,
    "J_IF": 0.11750189799916878,
    "J_mean": 0.07731961836661569,
    "nmi": 0.04211133123115632,
    "pos_pct": 1.5329646977723013
  },
  "nl_char_zscores": {
    "mean_pci": 3.3181762833655255,
    "wt_pci": 5.412224957315349,
    "restricted": 3.505267482775224,
    "J_IF": -4.391689165686144,
    "J_mean": -6.091066479483806,
    "nmi": 9.08053829612448,
    "pos_pct": 4.633604516783557
  },
  "nl_syl_means": {
    "mean_pci": 0.8775847958195471,
    "wt_pci": 0.8222354785892219,
    "restricted": 0.7269343141051199,
    "J_IF": 0.07841723167685064,
    "J_mean": 0.15113759470223895,
    "nmi": 0.6733754716392317,
    "pos_pct": 12.190925010790483
  },
  "vms_jaccard_detail": {
    "I_n": 125,
    "M_n": 98,
    "F_n": 117,
    "IMF_n": 36,
    "I_only": 50,
    "F_only": 46,
    "M_only": 10
  },
  "null_model": {
    "n_trials": 50,
    "z_pci": 305.9629502508929,
    "z_jif": -46.48151107657991,
    "z_nmi": 838.6580338119213
  },
  "positional_verbose_cipher_reconciliation": {
    "predicted_jaccard": 0.273,
    "observed_jif": 0.24102564102564103,
    "nl_char_jif_mean": 0.757057453416149
  },
  "cipher_evidence_count": 7,
  "nl_evidence_count": 0,
  "verdict": "POSITIONAL_ENCODING_SUPPORTED"
}