{
 "P1_latin_plain": {
  "f1": 0.3900724764743702,
  "precision": 0.2576140662394812,
  "recall": 0.8029054379210779,
  "random_f1": 0.2223288912268397,
  "excess_f1": 0.16774358524753052,
  "merges_learned": 200
 },
 "P2_italian_plain": {
  "f1": 0.4641414044696375,
  "precision": 0.34035950007021487,
  "recall": 0.7294149512459371,
  "random_f1": 0.31220628506865317,
  "excess_f1": 0.1519351194009843,
  "merges_learned": 200
 },
 "P4_latin_verbose": {
  "f1": 0.37315280630317954,
  "precision": 0.24482820144425352,
  "recall": 0.784167468719923,
  "random_f1": 0.09392796570749755,
  "excess_f1": 0.279224840595682,
  "merges_learned": 200
 },
 "N2_vms_char_shuffle": {
  "f1": 0.2780533082123462,
  "precision": 0.1835364905767349,
  "recall": 0.5732769700951129,
  "random_f1": 0.2764109775019395,
  "excess_f1": 0.001642330710406703,
  "merges_learned": 200
 },
 "N3_grille": {
  "f1": 0.13165180550766048,
  "precision": 0.09792598021253206,
  "recall": 0.20081154192966635,
  "random_f1": 0.24267008227006256,
  "excess_f1": -0.11101827676240208,
  "merges_learned": 200
 },
 "VMS_full": {
  "f1": 0.6848383041213697,
  "precision": 0.5434257737835754,
  "recall": 0.9257376253177573,
  "random_f1": 0.2312826851763811,
  "excess_f1": 0.45355561894498864,
  "merges_learned": 200
 }
}