{
 "grille_table": {
  "label": "grille_table",
  "n_tokens": 38004,
  "n_types": 903,
  "mean_wlen": 4.975792021892432,
  "ttr_5000": 0.1762,
  "hapax_mid": 0.0,
  "heaps_beta": 0.3152972495962095,
  "zipf_alpha": 0.5224970554254771,
  "h0_char": 4.087462841250339,
  "h1_char": 3.7909462439060704,
  "h2_char": 2.6158843752217917,
  "h2_ratio": 0.6900346791851282,
  "h_word": 9.471747973943055,
  "pos_predict": 0.7912156078291805,
  "line_init_jsd": 0.0003710455543153821,
  "line_final_jsd": 0.00010490857777714136,
  "adj_exact": 0.0003907424105801022,
  "adj_near": 0.005410279531109108
 },
 "italian_plain": {
  "label": "italian_plain",
  "n_tokens": 38006,
  "n_types": 6964,
  "mean_wlen": 3.935878545492817,
  "ttr_5000": 0.3374,
  "hapax_mid": 0.6547646122356152,
  "heaps_beta": 0.7589573556793391,
  "zipf_alpha": 1.024305691666337,
  "h0_char": 5.169925001442312,
  "h1_char": 4.015153828424094,
  "h2_char": 3.1556194820199437,
  "h2_ratio": 0.7859274181927149,
  "h_word": 9.792427486316031,
  "pos_predict": 0.8851977394376184,
  "line_init_jsd": 0.0012818394129562845,
  "line_final_jsd": 0.001466740645156146,
  "adj_exact": 0.0004213314072469002,
  "adj_near": 9.028530155290719e-05
 },
 "latin_abjad": {
  "label": "latin_abjad",
  "n_tokens": 37540,
  "n_types": 6042,
  "mean_wlen": 3.3814064997336173,
  "ttr_5000": 0.3222,
  "hapax_mid": 0.549961069296652,
  "heaps_beta": 0.7106201004719617,
  "zipf_alpha": 0.8655140235546247,
  "h0_char": 4.247927513443585,
  "h1_char": 3.5509825379427364,
  "h2_char": 3.1139924088505633,
  "h2_ratio": 0.876938248942969,
  "h_word": 10.040928048734646,
  "pos_predict": 0.8489452800129027,
  "line_init_jsd": 0.00027479780889444125,
  "line_final_jsd": 0.000918858302870972,
  "adj_exact": 0.0014945859386914747,
  "adj_near": 0.0008845508616745463
 },
 "latin_plain": {
  "label": "latin_plain",
  "n_tokens": 38003,
  "n_types": 8932,
  "mean_wlen": 6.093308423019235,
  "ttr_5000": 0.4206,
  "hapax_mid": 0.6089862606758262,
  "heaps_beta": 0.7614570328791769,
  "zipf_alpha": 0.8074572976405407,
  "h0_char": 4.584962500721156,
  "h1_char": 4.016566630544413,
  "h2_char": 3.3038616192511308,
  "h2_ratio": 0.8225586485050589,
  "h_word": 11.040689630248103,
  "pos_predict": 0.9188712949062533,
  "line_init_jsd": 0.0005813002877895536,
  "line_final_jsd": 0.0010381502791774059,
  "adj_exact": 0.0,
  "adj_near": 0.00030076997112608275
 },
 "latin_subst": {
  "label": "latin_subst",
  "n_tokens": 38003,
  "n_types": 8932,
  "mean_wlen": 6.093308423019235,
  "ttr_5000": 0.4206,
  "hapax_mid": 0.6089862606758262,
  "heaps_beta": 0.7614570328791769,
  "zipf_alpha": 0.8074572976405407,
  "h0_char": 4.584962500721156,
  "h1_char": 4.016566630544413,
  "h2_char": 3.3038616192511308,
  "h2_ratio": 0.8225586485050589,
  "h_word": 11.040689630248103,
  "pos_predict": 0.9188712949062533,
  "line_init_jsd": 0.0005813002877895531,
  "line_final_jsd": 0.001038150279177406,
  "adj_exact": 0.0,
  "adj_near": 0.00030076997112608275
 },
 "latin_verbose": {
  "label": "latin_verbose",
  "n_tokens": 38003,
  "n_types": 8932,
  "mean_wlen": 14.389521879851591,
  "ttr_5000": 0.4206,
  "hapax_mid": 0.6089862606758262,
  "heaps_beta": 0.7614570328791769,
  "zipf_alpha": 0.8074572976405407,
  "h0_char": 4.0,
  "h1_char": 3.8317068517488333,
  "h2_char": 2.0411994046376005,
  "h2_ratio": 0.5327128310209782,
  "h_word": 11.040689630248103,
  "pos_predict": 0.9486933477943831,
  "line_init_jsd": 0.0003077087505600727,
  "line_final_jsd": 0.0006095052809127199,
  "adj_exact": 0.0,
  "adj_near": 0.0007218479307025986
 },
 "self_citation": {
  "label": "self_citation",
  "n_tokens": 38002,
  "n_types": 9065,
  "mean_wlen": 5.466712278301142,
  "ttr_5000": 0.3188,
  "hapax_mid": 0.5394083780027794,
  "heaps_beta": 0.8142702977463798,
  "zipf_alpha": 0.7086755411923777,
  "h0_char": 4.700439718141092,
  "h1_char": 3.992958363918858,
  "h2_char": 3.1432758777996708,
  "h2_ratio": 0.7872047718310609,
  "h_word": 11.52259199929982,
  "pos_predict": 0.8940918738507324,
  "line_init_jsd": 0.19146842992029708,
  "line_final_jsd": 0.12472113306683108,
  "adj_exact": 0.05456242575097584,
  "adj_near": 0.20942467613282797
 },
 "vms_char_shuffle": {
  "label": "vms_char_shuffle",
  "n_tokens": 39645,
  "n_types": 33352,
  "mean_wlen": 4.960474208601337,
  "ttr_5000": 0.9338,
  "hapax_mid": 0.9526654411764706,
  "heaps_beta": 0.9681517970762142,
  "zipf_alpha": 0.7776826221615087,
  "h0_char": 4.700439718141092,
  "h1_char": 3.8706096478534024,
  "h2_char": 3.8149659960773223,
  "h2_ratio": 0.9856240600736013,
  "h_word": 14.647793798517116,
  "pos_predict": 0.9981865837623792,
  "line_init_jsd": 0.0012940797767559496,
  "line_final_jsd": 0.0010153255649605149,
  "adj_exact": 0.0005998114878181144,
  "adj_near": 0.0002570620662077633
 },
 "vms_word_shuffle": {
  "label": "vms_word_shuffle",
  "n_tokens": 39645,
  "n_types": 7297,
  "mean_wlen": 4.960474208601337,
  "ttr_5000": 0.3638,
  "hapax_mid": 0.663860103626943,
  "heaps_beta": 0.7220559406269795,
  "zipf_alpha": 0.9292127899132927,
  "h0_char": 4.700439718141092,
  "h1_char": 3.8706096478534024,
  "h2_char": 2.113105927757944,
  "h2_ratio": 0.5459362012725435,
  "h_word": 10.237369047083213,
  "pos_predict": 0.8505046329140652,
  "line_init_jsd": 0.0009145237952637466,
  "line_final_jsd": 0.0010357742209044225,
  "adj_exact": 0.0031133072462940217,
  "adj_near": 0.012281854274370911
 },
 "VMS": {
  "label": "VMS",
  "n_tokens": 39645,
  "n_types": 7297,
  "mean_wlen": 4.960474208601337,
  "ttr_5000": 0.361,
  "hapax_mid": 0.6711578947368421,
  "heaps_beta": 0.7582394633016477,
  "zipf_alpha": 0.9292127899132927,
  "h0_char": 4.700439718141092,
  "h1_char": 3.8706096478534024,
  "h2_char": 2.1131137825217974,
  "h2_ratio": 0.5459382306076013,
  "h_word": 10.237369047083213,
  "pos_predict": 0.8505046329140652,
  "line_init_jsd": 0.1638138214957263,
  "line_final_jsd": 0.08367274689471575,
  "adj_exact": 0.008854360058267402,
  "adj_near": 0.026591642626603067
 }
}