{
 "naive_legacy": {
  "label": "naive_legacy",
  "n_tokens": 39486,
  "n_types": 8454,
  "mean_wlen": 5.133490351010485,
  "ttr_5000": 0.3796,
  "hapax_mid": 0.704351059873559,
  "heaps_beta": 0.7787691947691785,
  "zipf_alpha": 0.8961692073737471,
  "h0_char": 4.754887502163468,
  "h1_char": 3.90242901860878,
  "h2_char": 2.2215045011421473,
  "h2_ratio": 0.5692619879948811,
  "h_word": 10.541902939654214,
  "pos_predict": 0.8980852528381061,
  "line_init_jsd": 0.1491573309429936,
  "line_final_jsd": 0.094123566115144,
  "adj_exact": 0.008668265480077436,
  "adj_near": 0.02612037331330001
 },
 "ivtff": {
  "label": "ivtff",
  "n_tokens": 39645,
  "n_types": 7297,
  "mean_wlen": 4.960474208601337,
  "ttr_5000": 0.361,
  "hapax_mid": 0.6711578947368421,
  "heaps_beta": 0.7582394633016477,
  "zipf_alpha": 0.9292127899132927,
  "h0_char": 4.700439718141092,
  "h1_char": 3.8706096478534024,
  "h2_char": 2.1131137825217974,
  "h2_ratio": 0.5459382306076013,
  "h_word": 10.237369047083213,
  "pos_predict": 0.8505046329140652,
  "line_init_jsd": 0.16381382149572637,
  "line_final_jsd": 0.08367274689471577,
  "adj_exact": 0.008854360058267402,
  "adj_near": 0.026591642626603067
 },
 "ivtff_min2": {
  "label": "ivtff_min2",
  "n_tokens": 38260,
  "n_types": 7274,
  "mean_wlen": 5.1027182435964455,
  "ttr_5000": 0.369,
  "hapax_mid": 0.6729307432432432,
  "heaps_beta": 0.7621931524381256,
  "zipf_alpha": 0.9159432534924926,
  "h0_char": 4.700439718141092,
  "h1_char": 3.874009682111121,
  "h2_char": 2.1008429614462147,
  "h2_ratio": 0.5422916135566733,
  "h_word": 10.27609770812358,
  "pos_predict": 0.8501349822010349,
  "line_init_jsd": 0.15455078794521993,
  "line_final_jsd": 0.07963118140177347,
  "adj_exact": 0.009483604364241758,
  "adj_near": 0.028272438089009127
 },
 "ivtff_commajoin": {
  "label": "ivtff_commajoin",
  "n_tokens": 36742,
  "n_types": 8325,
  "mean_wlen": 5.338386587556474,
  "ttr_5000": 0.4058,
  "hapax_mid": 0.7079879427279578,
  "heaps_beta": 0.7888044216785802,
  "zipf_alpha": 0.8974594353856956,
  "h0_char": 4.700439718141092,
  "h1_char": 3.885514145987077,
  "h2_char": 2.1278217417468057,
  "h2_ratio": 0.5476293900369402,
  "h_word": 10.628274954793344,
  "pos_predict": 0.876717165464985,
  "line_init_jsd": 0.1643825381728586,
  "line_final_jsd": 0.07926493461161103,
  "adj_exact": 0.008523345879864372,
  "adj_near": 0.02731203533766759
 }
}